Mesin:, Musholla
Group:, Testing Board 01 RTD
Tanggal,20081016,


No., Waktu,, Titik 1,Titik 2,Titik 3,Titik 4,titik5-resistor 100,Titik 6,Titik 7,Titik 8,Titik 9,Titik 10,

0,00:00,," "," "," "," "," "," "," "," "," "," "
1,00:01,," "," "," "," "," "," "," "," "," "," "
2,00:02,," "," "," "," "," "," "," "," "," "," "
3,00:03,," "," "," "," "," "," "," "," "," "," "
4,00:04,," "," "," "," "," "," "," "," "," "," "
5,00:05,," "," "," "," "," "," "," "," "," "," "
6,00:06,," "," "," "," "," "," "," "," "," "," "
7,00:07,," "," "," "," "," "," "," "," "," "," "
8,00:08,," "," "," "," "," "," "," "," "," "," "
9,00:09,," "," "," "," "," "," "," "," "," "," "
10,00:10,," "," "," "," "," "," "," "," "," "," "
11,00:11,," "," "," "," "," "," "," "," "," "," "
12,00:12,," "," "," "," "," "," "," "," "," "," "
13,00:13,," "," "," "," "," "," "," "," "," "," "
14,00:14,," "," "," "," "," "," "," "," "," "," "
15,00:15,," "," "," "," "," "," "," "," "," "," "
16,00:16,," "," "," "," "," "," "," "," "," "," "
17,00:17,," "," "," "," "," "," "," "," "," "," "
18,00:18,," "," "," "," "," "," "," "," "," "," "
19,00:19,," "," "," "," "," "," "," "," "," "," "
20,00:20,," "," "," "," "," "," "," "," "," "," "
21,00:21,," "," "," "," "," "," "," "," "," "," "
22,00:22,," "," "," "," "," "," "," "," "," "," "
23,00:23,," "," "," "," "," "," "," "," "," "," "
24,00:24,," "," "," "," "," "," "," "," "," "," "
25,00:25,," "," "," "," "," "," "," "," "," "," "
26,00:26,," "," "," "," "," "," "," "," "," "," "
27,00:27,," "," "," "," "," "," "," "," "," "," "
28,00:28,," "," "," "," "," "," "," "," "," "," "
29,00:29,," "," "," "," "," "," "," "," "," "," "
30,00:30,," "," "," "," "," "," "," "," "," "," "
31,00:31,," "," "," "," "," "," "," "," "," "," "
32,00:32,," "," "," "," "," "," "," "," "," "," "
33,00:33,," "," "," "," "," "," "," "," "," "," "
34,00:34,," "," "," "," "," "," "," "," "," "," "
35,00:35,," "," "," "," "," "," "," "," "," "," "
36,00:36,," "," "," "," "," "," "," "," "," "," "
37,00:37,," "," "," "," "," "," "," "," "," "," "
38,00:38,," "," "," "," "," "," "," "," "," "," "
39,00:39,," "," "," "," "," "," "," "," "," "," "
40,00:40,," "," "," "," "," "," "," "," "," "," "
41,00:41,," "," "," "," "," "," "," "," "," "," "
42,00:42,," "," "," "," "," "," "," "," "," "," "
43,00:43,," "," "," "," "," "," "," "," "," "," "
44,00:44,," "," "," "," "," "," "," "," "," "," "
45,00:45,," "," "," "," "," "," "," "," "," "," "
46,00:46,," "," "," "," "," "," "," "," "," "," "
47,00:47,," "," "," "," "," "," "," "," "," "," "
48,00:48,," "," "," "," "," "," "," "," "," "," "
49,00:49,," "," "," "," "," "," "," "," "," "," "
50,00:50,," "," "," "," "," "," "," "," "," "," "
51,00:51,," "," "," "," "," "," "," "," "," "," "
52,00:52,," "," "," "," "," "," "," "," "," "," "
53,00:53,," "," "," "," "," "," "," "," "," "," "
54,00:54,," "," "," "," "," "," "," "," "," "," "
55,00:55,," "," "," "," "," "," "," "," "," "," "
56,00:56,," "," "," "," "," "," "," "," "," "," "
57,00:57,," "," "," "," "," "," "," "," "," "," "
58,00:58,," "," "," "," "," "," "," "," "," "," "
59,00:59,," "," "," "," "," "," "," "," "," "," "
60,01:00,," "," "," "," "," "," "," "," "," "," "
61,01:01,," "," "," "," "," "," "," "," "," "," "
62,01:02,," "," "," "," "," "," "," "," "," "," "
63,01:03,," "," "," "," "," "," "," "," "," "," "
64,01:04,," "," "," "," "," "," "," "," "," "," "
65,01:05,," "," "," "," "," "," "," "," "," "," "
66,01:06,," "," "," "," "," "," "," "," "," "," "
67,01:07,," "," "," "," "," "," "," "," "," "," "
68,01:08,," "," "," "," "," "," "," "," "," "," "
69,01:09,," "," "," "," "," "," "," "," "," "," "
70,01:10,," "," "," "," "," "," "," "," "," "," "
71,01:11,," "," "," "," "," "," "," "," "," "," "
72,01:12,," "," "," "," "," "," "," "," "," "," "
73,01:13,," "," "," "," "," "," "," "," "," "," "
74,01:14,," "," "," "," "," "," "," "," "," "," "
75,01:15,," "," "," "," "," "," "," "," "," "," "
76,01:16,," "," "," "," "," "," "," "," "," "," "
77,01:17,," "," "," "," "," "," "," "," "," "," "
78,01:18,," "," "," "," "," "," "," "," "," "," "
79,01:19,," "," "," "," "," "," "," "," "," "," "
80,01:20,," "," "," "," "," "," "," "," "," "," "
81,01:21,," "," "," "," "," "," "," "," "," "," "
82,01:22,," "," "," "," "," "," "," "," "," "," "
83,01:23,," "," "," "," "," "," "," "," "," "," "
84,01:24,," "," "," "," "," "," "," "," "," "," "
85,01:25,," "," "," "," "," "," "," "," "," "," "
86,01:26,," "," "," "," "," "," "," "," "," "," "
87,01:27,," "," "," "," "," "," "," "," "," "," "
88,01:28,," "," "," "," "," "," "," "," "," "," "
89,01:29,," "," "," "," "," "," "," "," "," "," "
90,01:30,," "," "," "," "," "," "," "," "," "," "
91,01:31,," "," "," "," "," "," "," "," "," "," "
92,01:32,," "," "," "," "," "," "," "," "," "," "
93,01:33,," "," "," "," "," "," "," "," "," "," "
94,01:34,," "," "," "," "," "," "," "," "," "," "
95,01:35,," "," "," "," "," "," "," "," "," "," "
96,01:36,," "," "," "," "," "," "," "," "," "," "
97,01:37,," "," "," "," "," "," "," "," "," "," "
98,01:38,," "," "," "," "," "," "," "," "," "," "
99,01:39,," "," "," "," "," "," "," "," "," "," "
100,01:40,," "," "," "," "," "," "," "," "," "," "
101,01:41,," "," "," "," "," "," "," "," "," "," "
102,01:42,," "," "," "," "," "," "," "," "," "," "
103,01:43,," "," "," "," "," "," "," "," "," "," "
104,01:44,," "," "," "," "," "," "," "," "," "," "
105,01:45,," "," "," "," "," "," "," "," "," "," "
106,01:46,," "," "," "," "," "," "," "," "," "," "
107,01:47,," "," "," "," "," "," "," "," "," "," "
108,01:48,," "," "," "," "," "," "," "," "," "," "
109,01:49,," "," "," "," "," "," "," "," "," "," "
110,01:50,," "," "," "," "," "," "," "," "," "," "
111,01:51,," "," "," "," "," "," "," "," "," "," "
112,01:52,," "," "," "," "," "," "," "," "," "," "
113,01:53,," "," "," "," "," "," "," "," "," "," "
114,01:54,," "," "," "," "," "," "," "," "," "," "
115,01:55,," "," "," "," "," "," "," "," "," "," "
116,01:56,," "," "," "," "," "," "," "," "," "," "
117,01:57,," "," "," "," "," "," "," "," "," "," "
118,01:58,," "," "," "," "," "," "," "," "," "," "
119,01:59,," "," "," "," "," "," "," "," "," "," "
120,02:00,," "," "," "," "," "," "," "," "," "," "
121,02:01,," "," "," "," "," "," "," "," "," "," "
122,02:02,," "," "," "," "," "," "," "," "," "," "
123,02:03,," "," "," "," "," "," "," "," "," "," "
124,02:04,," "," "," "," "," "," "," "," "," "," "
125,02:05,," "," "," "," "," "," "," "," "," "," "
126,02:06,," "," "," "," "," "," "," "," "," "," "
127,02:07,," "," "," "," "," "," "," "," "," "," "
128,02:08,," "," "," "," "," "," "," "," "," "," "
129,02:09,," "," "," "," "," "," "," "," "," "," "
130,02:10,," "," "," "," "," "," "," "," "," "," "
131,02:11,," "," "," "," "," "," "," "," "," "," "
132,02:12,," "," "," "," "," "," "," "," "," "," "
133,02:13,," "," "," "," "," "," "," "," "," "," "
134,02:14,," "," "," "," "," "," "," "," "," "," "
135,02:15,," "," "," "," "," "," "," "," "," "," "
136,02:16,," "," "," "," "," "," "," "," "," "," "
137,02:17,," "," "," "," "," "," "," "," "," "," "
138,02:18,," "," "," "," "," "," "," "," "," "," "
139,02:19,," "," "," "," "," "," "," "," "," "," "
140,02:20,," "," "," "," "," "," "," "," "," "," "
141,02:21,," "," "," "," "," "," "," "," "," "," "
142,02:22,," "," "," "," "," "," "," "," "," "," "
143,02:23,," "," "," "," "," "," "," "," "," "," "
144,02:24,," "," "," "," "," "," "," "," "," "," "
145,02:25,," "," "," "," "," "," "," "," "," "," "
146,02:26,," "," "," "," "," "," "," "," "," "," "
147,02:27,," "," "," "," "," "," "," "," "," "," "
148,02:28,," "," "," "," "," "," "," "," "," "," "
149,02:29,," "," "," "," "," "," "," "," "," "," "
150,02:30,," "," "," "," "," "," "," "," "," "," "
151,02:31,," "," "," "," "," "," "," "," "," "," "
152,02:32,," "," "," "," "," "," "," "," "," "," "
153,02:33,," "," "," "," "," "," "," "," "," "," "
154,02:34,," "," "," "," "," "," "," "," "," "," "
155,02:35,," "," "," "," "," "," "," "," "," "," "
156,02:36,," "," "," "," "," "," "," "," "," "," "
157,02:37,," "," "," "," "," "," "," "," "," "," "
158,02:38,," "," "," "," "," "," "," "," "," "," "
159,02:39,," "," "," "," "," "," "," "," "," "," "
160,02:40,," "," "," "," "," "," "," "," "," "," "
161,02:41,," "," "," "," "," "," "," "," "," "," "
162,02:42,," "," "," "," "," "," "," "," "," "," "
163,02:43,," "," "," "," "," "," "," "," "," "," "
164,02:44,," "," "," "," "," "," "," "," "," "," "
165,02:45,," "," "," "," "," "," "," "," "," "," "
166,02:46,," "," "," "," "," "," "," "," "," "," "
167,02:47,," "," "," "," "," "," "," "," "," "," "
168,02:48,," "," "," "," "," "," "," "," "," "," "
169,02:49,," "," "," "," "," "," "," "," "," "," "
170,02:50,," "," "," "," "," "," "," "," "," "," "
171,02:51,," "," "," "," "," "," "," "," "," "," "
172,02:52,," "," "," "," "," "," "," "," "," "," "
173,02:53,," "," "," "," "," "," "," "," "," "," "
174,02:54,," "," "," "," "," "," "," "," "," "," "
175,02:55,," "," "," "," "," "," "," "," "," "," "
176,02:56,," "," "," "," "," "," "," "," "," "," "
177,02:57,," "," "," "," "," "," "," "," "," "," "
178,02:58,," "," "," "," "," "," "," "," "," "," "
179,02:59,," "," "," "," "," "," "," "," "," "," "
180,03:00,," "," "," "," "," "," "," "," "," "," "
181,03:01,," "," "," "," "," "," "," "," "," "," "
182,03:02,," "," "," "," "," "," "," "," "," "," "
183,03:03,," "," "," "," "," "," "," "," "," "," "
184,03:04,," "," "," "," "," "," "," "," "," "," "
185,03:05,," "," "," "," "," "," "," "," "," "," "
186,03:06,," "," "," "," "," "," "," "," "," "," "
187,03:07,," "," "," "," "," "," "," "," "," "," "
188,03:08,," "," "," "," "," "," "," "," "," "," "
189,03:09,," "," "," "," "," "," "," "," "," "," "
190,03:10,," "," "," "," "," "," "," "," "," "," "
191,03:11,," "," "," "," "," "," "," "," "," "," "
192,03:12,," "," "," "," "," "," "," "," "," "," "
193,03:13,," "," "," "," "," "," "," "," "," "," "
194,03:14,," "," "," "," "," "," "," "," "," "," "
195,03:15,," "," "," "," "," "," "," "," "," "," "
196,03:16,," "," "," "," "," "," "," "," "," "," "
197,03:17,," "," "," "," "," "," "," "," "," "," "
198,03:18,," "," "," "," "," "," "," "," "," "," "
199,03:19,," "," "," "," "," "," "," "," "," "," "
200,03:20,," "," "," "," "," "," "," "," "," "," "
201,03:21,," "," "," "," "," "," "," "," "," "," "
202,03:22,," "," "," "," "," "," "," "," "," "," "
203,03:23,," "," "," "," "," "," "," "," "," "," "
204,03:24,," "," "," "," "," "," "," "," "," "," "
205,03:25,," "," "," "," "," "," "," "," "," "," "
206,03:26,," "," "," "," "," "," "," "," "," "," "
207,03:27,," "," "," "," "," "," "," "," "," "," "
208,03:28,," "," "," "," "," "," "," "," "," "," "
209,03:29,," "," "," "," "," "," "," "," "," "," "
210,03:30,," "," "," "," "," "," "," "," "," "," "
211,03:31,," "," "," "," "," "," "," "," "," "," "
212,03:32,," "," "," "," "," "," "," "," "," "," "
213,03:33,," "," "," "," "," "," "," "," "," "," "
214,03:34,," "," "," "," "," "," "," "," "," "," "
215,03:35,," "," "," "," "," "," "," "," "," "," "
216,03:36,," "," "," "," "," "," "," "," "," "," "
217,03:37,," "," "," "," "," "," "," "," "," "," "
218,03:38,," "," "," "," "," "," "," "," "," "," "
219,03:39,," "," "," "," "," "," "," "," "," "," "
220,03:40,," "," "," "," "," "," "," "," "," "," "
221,03:41,," "," "," "," "," "," "," "," "," "," "
222,03:42,," "," "," "," "," "," "," "," "," "," "
223,03:43,," "," "," "," "," "," "," "," "," "," "
224,03:44,," "," "," "," "," "," "," "," "," "," "
225,03:45,," "," "," "," "," "," "," "," "," "," "
226,03:46,," "," "," "," "," "," "," "," "," "," "
227,03:47,," "," "," "," "," "," "," "," "," "," "
228,03:48,," "," "," "," "," "," "," "," "," "," "
229,03:49,," "," "," "," "," "," "," "," "," "," "
230,03:50,," "," "," "," "," "," "," "," "," "," "
231,03:51,," "," "," "," "," "," "," "," "," "," "
232,03:52,," "," "," "," "," "," "," "," "," "," "
233,03:53,," "," "," "," "," "," "," "," "," "," "
234,03:54,," "," "," "," "," "," "," "," "," "," "
235,03:55,," "," "," "," "," "," "," "," "," "," "
236,03:56,," "," "," "," "," "," "," "," "," "," "
237,03:57,," "," "," "," "," "," "," "," "," "," "
238,03:58,," "," "," "," "," "," "," "," "," "," "
239,03:59,," "," "," "," "," "," "," "," "," "," "
240,04:00,," "," "," "," "," "," "," "," "," "," "
241,04:01,," "," "," "," "," "," "," "," "," "," "
242,04:02,," "," "," "," "," "," "," "," "," "," "
243,04:03,," "," "," "," "," "," "," "," "," "," "
244,04:04,," "," "," "," "," "," "," "," "," "," "
245,04:05,," "," "," "," "," "," "," "," "," "," "
246,04:06,," "," "," "," "," "," "," "," "," "," "
247,04:07,," "," "," "," "," "," "," "," "," "," "
248,04:08,," "," "," "," "," "," "," "," "," "," "
249,04:09,," "," "," "," "," "," "," "," "," "," "
250,04:10,," "," "," "," "," "," "," "," "," "," "
251,04:11,," "," "," "," "," "," "," "," "," "," "
252,04:12,," "," "," "," "," "," "," "," "," "," "
253,04:13,," "," "," "," "," "," "," "," "," "," "
254,04:14,," "," "," "," "," "," "," "," "," "," "
255,04:15,," "," "," "," "," "," "," "," "," "," "
256,04:16,," "," "," "," "," "," "," "," "," "," "
257,04:17,," "," "," "," "," "," "," "," "," "," "
258,04:18,," "," "," "," "," "," "," "," "," "," "
259,04:19,," "," "," "," "," "," "," "," "," "," "
260,04:20,," "," "," "," "," "," "," "," "," "," "
261,04:21,," "," "," "," "," "," "," "," "," "," "
262,04:22,," "," "," "," "," "," "," "," "," "," "
263,04:23,," "," "," "," "," "," "," "," "," "," "
264,04:24,," "," "," "," "," "," "," "," "," "," "
265,04:25,," "," "," "," "," "," "," "," "," "," "
266,04:26,," "," "," "," "," "," "," "," "," "," "
267,04:27,," "," "," "," "," "," "," "," "," "," "
268,04:28,," "," "," "," "," "," "," "," "," "," "
269,04:29,," "," "," "," "," "," "," "," "," "," "
270,04:30,," "," "," "," "," "," "," "," "," "," "
271,04:31,," "," "," "," "," "," "," "," "," "," "
272,04:32,," "," "," "," "," "," "," "," "," "," "
273,04:33,," "," "," "," "," "," "," "," "," "," "
274,04:34,," "," "," "," "," "," "," "," "," "," "
275,04:35,," "," "," "," "," "," "," "," "," "," "
276,04:36,," "," "," "," "," "," "," "," "," "," "
277,04:37,," "," "," "," "," "," "," "," "," "," "
278,04:38,," "," "," "," "," "," "," "," "," "," "
279,04:39,," "," "," "," "," "," "," "," "," "," "
280,04:40,," "," "," "," "," "," "," "," "," "," "
281,04:41,," "," "," "," "," "," "," "," "," "," "
282,04:42,," "," "," "," "," "," "," "," "," "," "
283,04:43,," "," "," "," "," "," "," "," "," "," "
284,04:44,," "," "," "," "," "," "," "," "," "," "
285,04:45,," "," "," "," "," "," "," "," "," "," "
286,04:46,," "," "," "," "," "," "," "," "," "," "
287,04:47,," "," "," "," "," "," "," "," "," "," "
288,04:48,," "," "," "," "," "," "," "," "," "," "
289,04:49,," "," "," "," "," "," "," "," "," "," "
290,04:50,," "," "," "," "," "," "," "," "," "," "
291,04:51,," "," "," "," "," "," "," "," "," "," "
292,04:52,," "," "," "," "," "," "," "," "," "," "
293,04:53,," "," "," "," "," "," "," "," "," "," "
294,04:54,," "," "," "," "," "," "," "," "," "," "
295,04:55,," "," "," "," "," "," "," "," "," "," "
296,04:56,," "," "," "," "," "," "," "," "," "," "
297,04:57,," "," "," "," "," "," "," "," "," "," "
298,04:58,," "," "," "," "," "," "," "," "," "," "
299,04:59,," "," "," "," "," "," "," "," "," "," "
300,05:00,," "," "," "," "," "," "," "," "," "," "
301,05:01,," "," "," "," "," "," "," "," "," "," "
302,05:02,," "," "," "," "," "," "," "," "," "," "
303,05:03,," "," "," "," "," "," "," "," "," "," "
304,05:04,," "," "," "," "," "," "," "," "," "," "
305,05:05,," "," "," "," "," "," "," "," "," "," "
306,05:06,," "," "," "," "," "," "," "," "," "," "
307,05:07,," "," "," "," "," "," "," "," "," "," "
308,05:08,," "," "," "," "," "," "," "," "," "," "
309,05:09,," "," "," "," "," "," "," "," "," "," "
310,05:10,," "," "," "," "," "," "," "," "," "," "
311,05:11,," "," "," "," "," "," "," "," "," "," "
312,05:12,," "," "," "," "," "," "," "," "," "," "
313,05:13,," "," "," "," "," "," "," "," "," "," "
314,05:14,," "," "," "," "," "," "," "," "," "," "
315,05:15,," "," "," "," "," "," "," "," "," "," "
316,05:16,," "," "," "," "," "," "," "," "," "," "
317,05:17,," "," "," "," "," "," "," "," "," "," "
318,05:18,," "," "," "," "," "," "," "," "," "," "
319,05:19,," "," "," "," "," "," "," "," "," "," "
320,05:20,," "," "," "," "," "," "," "," "," "," "
321,05:21,," "," "," "," "," "," "," "," "," "," "
322,05:22,," "," "," "," "," "," "," "," "," "," "
323,05:23,," "," "," "," "," "," "," "," "," "," "
324,05:24,," "," "," "," "," "," "," "," "," "," "
325,05:25,," "," "," "," "," "," "," "," "," "," "
326,05:26,," "," "," "," "," "," "," "," "," "," "
327,05:27,," "," "," "," "," "," "," "," "," "," "
328,05:28,," "," "," "," "," "," "," "," "," "," "
329,05:29,," "," "," "," "," "," "," "," "," "," "
330,05:30,," "," "," "," "," "," "," "," "," "," "
331,05:31,," "," "," "," "," "," "," "," "," "," "
332,05:32,," "," "," "," "," "," "," "," "," "," "
333,05:33,," "," "," "," "," "," "," "," "," "," "
334,05:34,," "," "," "," "," "," "," "," "," "," "
335,05:35,," "," "," "," "," "," "," "," "," "," "
336,05:36,," "," "," "," "," "," "," "," "," "," "
337,05:37,," "," "," "," "," "," "," "," "," "," "
338,05:38,," "," "," "," "," "," "," "," "," "," "
339,05:39,," "," "," "," "," "," "," "," "," "," "
340,05:40,," "," "," "," "," "," "," "," "," "," "
341,05:41,," "," "," "," "," "," "," "," "," "," "
342,05:42,," "," "," "," "," "," "," "," "," "," "
343,05:43,," "," "," "," "," "," "," "," "," "," "
344,05:44,," "," "," "," "," "," "," "," "," "," "
345,05:45,," "," "," "," "," "," "," "," "," "," "
346,05:46,," "," "," "," "," "," "," "," "," "," "
347,05:47,," "," "," "," "," "," "," "," "," "," "
348,05:48,," "," "," "," "," "," "," "," "," "," "
349,05:49,," "," "," "," "," "," "," "," "," "," "
350,05:50,," "," "," "," "," "," "," "," "," "," "
351,05:51,," "," "," "," "," "," "," "," "," "," "
352,05:52,," "," "," "," "," "," "," "," "," "," "
353,05:53,," "," "," "," "," "," "," "," "," "," "
354,05:54,," "," "," "," "," "," "," "," "," "," "
355,05:55,," "," "," "," "," "," "," "," "," "," "
356,05:56,," "," "," "," "," "," "," "," "," "," "
357,05:57,," "," "," "," "," "," "," "," "," "," "
358,05:58,," "," "," "," "," "," "," "," "," "," "
359,05:59,," "," "," "," "," "," "," "," "," "," "
360,06:00,," "," "," "," "," "," "," "," "," "," "
361,06:01,," "," "," "," "," "," "," "," "," "," "
362,06:02,," "," "," "," "," "," "," "," "," "," "
363,06:03,," "," "," "," "," "," "," "," "," "," "
364,06:04,," "," "," "," "," "," "," "," "," "," "
365,06:05,," "," "," "," "," "," "," "," "," "," "
366,06:06,," "," "," "," "," "," "," "," "," "," "
367,06:07,," "," "," "," "," "," "," "," "," "," "
368,06:08,," "," "," "," "," "," "," "," "," "," "
369,06:09,," "," "," "," "," "," "," "," "," "," "
370,06:10,," "," "," "," "," "," "," "," "," "," "
371,06:11,," "," "," "," "," "," "," "," "," "," "
372,06:12,," "," "," "," "," "," "," "," "," "," "
373,06:13,," "," "," "," "," "," "," "," "," "," "
374,06:14,," "," "," "," "," "," "," "," "," "," "
375,06:15,," "," "," "," "," "," "," "," "," "," "
376,06:16,," "," "," "," "," "," "," "," "," "," "
377,06:17,," "," "," "," "," "," "," "," "," "," "
378,06:18,," "," "," "," "," "," "," "," "," "," "
379,06:19,," "," "," "," "," "," "," "," "," "," "
380,06:20,," "," "," "," "," "," "," "," "," "," "
381,06:21,," "," "," "," "," "," "," "," "," "," "
382,06:22,," "," "," "," "," "," "," "," "," "," "
383,06:23,," "," "," "," "," "," "," "," "," "," "
384,06:24,," "," "," "," "," "," "," "," "," "," "
385,06:25,," "," "," "," "," "," "," "," "," "," "
386,06:26,," "," "," "," "," "," "," "," "," "," "
387,06:27,," "," "," "," "," "," "," "," "," "," "
388,06:28,," "," "," "," "," "," "," "," "," "," "
389,06:29,," "," "," "," "," "," "," "," "," "," "
390,06:30,," "," "," "," "," "," "," "," "," "," "
391,06:31,," "," "," "," "," "," "," "," "," "," "
392,06:32,," "," "," "," "," "," "," "," "," "," "
393,06:33,," "," "," "," "," "," "," "," "," "," "
394,06:34,," "," "," "," "," "," "," "," "," "," "
395,06:35,," "," "," "," "," "," "," "," "," "," "
396,06:36,," "," "," "," "," "," "," "," "," "," "
397,06:37,," "," "," "," "," "," "," "," "," "," "
398,06:38,," "," "," "," "," "," "," "," "," "," "
399,06:39,," "," "," "," "," "," "," "," "," "," "
400,06:40,," "," "," "," "," "," "," "," "," "," "
401,06:41,," "," "," "," "," "," "," "," "," "," "
402,06:42,," "," "," "," "," "," "," "," "," "," "
403,06:43,," "," "," "," "," "," "," "," "," "," "
404,06:44,," "," "," "," "," "," "," "," "," "," "
405,06:45,," "," "," "," "," "," "," "," "," "," "
406,06:46,," "," "," "," "," "," "," "," "," "," "
407,06:47,," "," "," "," "," "," "," "," "," "," "
408,06:48,," "," "," "," "," "," "," "," "," "," "
409,06:49,," "," "," "," "," "," "," "," "," "," "
410,06:50,," "," "," "," "," "," "," "," "," "," "
411,06:51,," "," "," "," "," "," "," "," "," "," "
412,06:52,," "," "," "," "," "," "," "," "," "," "
413,06:53,," "," "," "," "," "," "," "," "," "," "
414,06:54,," "," "," "," "," "," "," "," "," "," "
415,06:55,," "," "," "," "," "," "," "," "," "," "
416,06:56,," "," "," "," "," "," "," "," "," "," "
417,06:57,," "," "," "," "," "," "," "," "," "," "
418,06:58,," "," "," "," "," "," "," "," "," "," "
419,06:59,," "," "," "," "," "," "," "," "," "," "
420,07:00,," "," "," "," "," "," "," "," "," "," "
421,07:01,," "," "," "," "," "," "," "," "," "," "
422,07:02,," "," "," "," "," "," "," "," "," "," "
423,07:03,," "," "," "," "," "," "," "," "," "," "
424,07:04,," "," "," "," "," "," "," "," "," "," "
425,07:05,," "," "," "," "," "," "," "," "," "," "
426,07:06,," "," "," "," "," "," "," "," "," "," "
427,07:07,," "," "," "," "," "," "," "," "," "," "
428,07:08,," "," "," "," "," "," "," "," "," "," "
429,07:09,," "," "," "," "," "," "," "," "," "," "
430,07:10,," "," "," "," "," "," "," "," "," "," "
431,07:11,," "," "," "," "," "," "," "," "," "," "
432,07:12,," "," "," "," "," "," "," "," "," "," "
433,07:13,," "," "," "," "," "," "," "," "," "," "
434,07:14,," "," "," "," "," "," "," "," "," "," "
435,07:15,," "," "," "," "," "," "," "," "," "," "
436,07:16,," "," "," "," "," "," "," "," "," "," "
437,07:17,," "," "," "," "," "," "," "," "," "," "
438,07:18,," "," "," "," "," "," "," "," "," "," "
439,07:19,," "," "," "," "," "," "," "," "," "," "
440,07:20,," "," "," "," "," "," "," "," "," "," "
441,07:21,," "," "," "," "," "," "," "," "," "," "
442,07:22,," "," "," "," "," "," "," "," "," "," "
443,07:23,," "," "," "," "," "," "," "," "," "," "
444,07:24,," "," "," "," "," "," "," "," "," "," "
445,07:25,," "," "," "," "," "," "," "," "," "," "
446,07:26,," "," "," "," "," "," "," "," "," "," "
447,07:27,," "," "," "," "," "," "," "," "," "," "
448,07:28,," "," "," "," "," "," "," "," "," "," "
449,07:29,," "," "," "," "," "," "," "," "," "," "
450,07:30,," "," "," "," "," "," "," "," "," "," "
451,07:31,," "," "," "," "," "," "," "," "," "," "
452,07:32,," "," "," "," "," "," "," "," "," "," "
453,07:33,," "," "," "," "," "," "," "," "," "," "
454,07:34,," "," "," "," "," "," "," "," "," "," "
455,07:35,," "," "," "," "," "," "," "," "," "," "
456,07:36,," "," "," "," "," "," "," "," "," "," "
457,07:37,," "," "," "," "," "," "," "," "," "," "
458,07:38,," "," "," "," "," "," "," "," "," "," "
459,07:39,," "," "," "," "," "," "," "," "," "," "
460,07:40,," "," "," "," "," "," "," "," "," "," "
461,07:41,," "," "," "," "," "," "," "," "," "," "
462,07:42,," "," "," "," "," "," "," "," "," "," "
463,07:43,," "," "," "," "," "," "," "," "," "," "
464,07:44,," "," "," "," "," "," "," "," "," "," "
465,07:45,," "," "," "," "," "," "," "," "," "," "
466,07:46,," "," "," "," "," "," "," "," "," "," "
467,07:47,," "," "," "," "," "," "," "," "," "," "
468,07:48,," "," "," "," "," "," "," "," "," "," "
469,07:49,," "," "," "," "," "," "," "," "," "," "
470,07:50,," "," "," "," "," "," "," "," "," "," "
471,07:51,," "," "," "," "," "," "," "," "," "," "
472,07:52,," "," "," "," "," "," "," "," "," "," "
473,07:53,," "," "," "," "," "," "," "," "," "," "
474,07:54,," "," "," "," "," "," "," "," "," "," "
475,07:55,," "," "," "," "," "," "," "," "," "," "
476,07:56,," "," "," "," "," "," "," "," "," "," "
477,07:57,," "," "," "," "," "," "," "," "," "," "
478,07:58,," "," "," "," "," "," "," "," "," "," "
479,07:59,," "," "," "," "," "," "," "," "," "," "
480,08:00,," "," "," "," "," "," "," "," "," "," "
481,08:01,," "," "," "," "," "," "," "," "," "," "
482,08:02,," "," "," "," "," "," "," "," "," "," "
483,08:03,,"77","43","57","47","63","0","0","0","0","0"
484,08:04,,"77","43","57","47","63","0","0","0","0","0"
485,08:05,," "," "," "," "," "," "," "," "," "," "
486,08:06,," "," "," "," "," "," "," "," "," "," "
487,08:07,," "," "," "," "," "," "," "," "," "," "
488,08:08,," "," "," "," "," "," "," "," "," "," "
489,08:09,," "," "," "," "," "," "," "," "," "," "
490,08:10,," "," "," "," "," "," "," "," "," "," "
491,08:11,," "," "," "," "," "," "," "," "," "," "
492,08:12,," "," "," "," "," "," "," "," "," "," "
493,08:13,," "," "," "," "," "," "," "," "," "," "
494,08:14,," "," "," "," "," "," "," "," "," "," "
495,08:15,,"77","44","57","48","63","0","0","0","0","0"
496,08:16,,"77","44","57","48","63","0","0","0","0","0"
497,08:17,,"76","44","57","48","63","0","0","0","0","0"
498,08:18,,"76","44","57","48","63","0","0","0","0","0"
499,08:19,,"77","44","57","48","63","0","0","0","0","0"
500,08:20,,"77","44","57","48","63","0","0","0","0","0"
501,08:21,,"77","44","57","48","63","0","0","0","0","0"
502,08:22,,"77","43","57","48","63","0","0","0","0","0"
503,08:23,,"77","44","57","48","63","0","0","0","0","0"
504,08:24,,"77","44","57","48","63","0","0","0","0","0"
505,08:25,,"76","44","57","48","63","0","0","0","0","0"
506,08:26,,"76","44","57","47","63","0","0","0","0","0"
507,08:27,,"77","44","57","48","63","0","0","0","0","0"
508,08:28,,"76","45","57","48","63","0","0","0","0","0"
509,08:29,,"77","44","57","48","63","0","0","0","0","0"
510,08:30,,"77","45","57","48","63","0","0","0","0","0"
511,08:31,,"76","45","57","48","63","0","0","0","0","0"
512,08:32,,"77","46","57","48","63","0","0","0","0","0"
513,08:33,,"77","48","57","48","63","0","0","0","0","0"
514,08:34,,"77","50","57","48","63","0","0","0","0","0"
515,08:35,,"76","51","57","48","63","0","0","0","0","0"
516,08:36,,"77","52","57","48","63","0","0","0","0","0"
517,08:37,,"76","51","57","48","63","0","0","0","0","0"
518,08:38,,"76","52","57","48","63","0","0","0","0","0"
519,08:39,,"76","49","57","48","63","0","0","0","0","0"
520,08:40,,"76","50","57","48","63","0","0","0","0","0"
521,08:41,,"76","49","57","48","63","0","0","0","0","0"
522,08:42,,"76","51","57","48","63","0","0","0","0","0"
523,08:43,,"77","49","57","47","63","0","0","0","0","0"
524,08:44,,"77","49","57","48","63","0","0","0","0","0"
525,08:45,,"77","48","57","48","63","0","0","0","0","0"
526,08:46,,"76","49","57","48","63","0","0","0","0","0"
527,08:47,,"77","49","58","48","63","0","0","0","0","0"
528,08:48,,"76","49","58","48","63","0","0","0","0","0"
529,08:49,,"77","48","58","48","63","0","0","0","0","0"
530,08:50,," "," "," "," "," "," "," "," "," "," "
531,08:51,," "," "," "," "," "," "," "," "," "," "
532,08:52,," "," "," "," "," "," "," "," "," "," "
533,08:53,," "," "," "," "," "," "," "," "," "," "
534,08:54,," "," "," "," "," "," "," "," "," "," "
535,08:55,," "," "," "," "," "," "," "," "," "," "
536,08:56,," "," "," "," "," "," "," "," "," "," "
537,08:57,," "," "," "," "," "," "," "," "," "," "
538,08:58,," "," "," "," "," "," "," "," "," "," "
539,08:59,," "," "," "," "," "," "," "," "," "," "
540,09:00,," "," "," "," "," "," "," "," "," "," "
541,09:01,," "," "," "," "," "," "," "," "," "," "
542,09:02,," "," "," "," "," "," "," "," "," "," "
543,09:03,," "," "," "," "," "," "," "," "," "," "
544,09:04,," "," "," "," "," "," "," "," "," "," "
545,09:05,," "," "," "," "," "," "," "," "," "," "
546,09:06,," "," "," "," "," "," "," "," "," "," "
547,09:07,," "," "," "," "," "," "," "," "," "," "
548,09:08,," "," "," "," "," "," "," "," "," "," "
549,09:09,," "," "," "," "," "," "," "," "," "," "
550,09:10,," "," "," "," "," "," "," "," "," "," "
551,09:11,," "," "," "," "," "," "," "," "," "," "
552,09:12,," "," "," "," "," "," "," "," "," "," "
553,09:13,," "," "," "," "," "," "," "," "," "," "
554,09:14,,"76","52","58","48","63","0","0","0","0","0"
555,09:15,,"76","49","58","48","63","0","0","0","0","0"
556,09:16,,"76","49","58","48","63","0","0","0","0","0"
557,09:17,,"76","49","58","48","63","0","0","0","0","0"
558,09:18,,"77","50","58","48","63","0","0","0","0","0"
559,09:19,,"76","48","58","48","63","0","0","0","0","0"
560,09:20,,"77","48","58","48","63","0","0","0","0","0"
561,09:21,,"77","48","58","48","63","0","0","0","0","0"
562,09:22,,"77","51","58","48","63","0","0","0","0","0"
563,09:23,,"77","49","58","48","63","0","0","0","0","0"
564,09:24,,"77","49","58","48","63","0","0","0","0","0"
565,09:25,,"77","50","58","48","63","0","0","0","0","0"
566,09:26,,"77","50","58","48","63","0","0","0","0","0"
567,09:27,,"77","49","58","48","63","0","0","0","0","0"
568,09:28,,"76","50","58","48","63","0","0","0","0","0"
569,09:29,,"76","48","58","48","63","0","0","0","0","0"
570,09:30,,"76","54","58","48","63","0","0","0","0","0"
571,09:31,,"77","50","58","48","63","0","0","0","0","0"
572,09:32,,"77","48","58","48","63","0","0","0","0","0"
573,09:33,,"77","51","58","48","63","0","0","0","0","0"
574,09:34,,"77","50","58","48","63","0","0","0","0","0"
575,09:35,,"77","49","58","48","63","0","0","0","0","0"
576,09:36,,"77","49","58","48","63","0","0","0","0","0"
577,09:37,,"77","49","58","48","63","0","0","0","0","0"
578,09:38,,"77","47","58","48","63","0","0","0","0","0"
579,09:39,,"77","47","58","48","63","0","0","0","0","0"
580,09:40,,"77","48","58","48","63","0","0","0","0","0"
581,09:41,,"77","60","58","48","63","0","0","0","0","0"
582,09:42,,"77","81","58","48","63","0","0","0","0","0"
583,09:43,,"77","58","58","48","63","0","0","0","0","0"
584,09:44,,"77","54","58","48","63","0","0","0","0","0"
585,09:45,,"77","52","58","48","63","0","0","0","0","0"
586,09:46,,"77","55","58","48","63","0","0","0","0","0"
587,09:47,,"76","54","58","48","63","0","0","0","0","0"
588,09:48,,"76","56","58","48","63","0","0","0","0","0"
589,09:49,,"76","66","58","48","63","0","0","0","0","0"
590,09:50,,"76","66","58","48","63","0","0","0","0","0"
591,09:51,,"77","57","58","47","63","0","0","0","0","0"
592,09:52,,"77","54","58","48","63","0","0","0","0","0"
593,09:53,,"77","54","58","48","63","0","0","0","0","0"
594,09:54,,"77","55","58","48","63","0","0","0","0","0"
595,09:55,,"77","84","58","48","63","0","0","0","0","0"
596,09:56,," "," "," "," "," "," "," "," "," "," "
597,09:57,," "," "," "," "," "," "," "," "," "," "
598,09:58,," "," "," "," "," "," "," "," "," "," "
599,09:59,," "," "," "," "," "," "," "," "," "," "
600,10:00,," "," "," "," "," "," "," "," "," "," "
601,10:01,," "," "," "," "," "," "," "," "," "," "
602,10:02,," "," "," "," "," "," "," "," "," "," "
603,10:03,," "," "," "," "," "," "," "," "," "," "
604,10:04,," "," "," "," "," "," "," "," "," "," "
605,10:05,," "," "," "," "," "," "," "," "," "," "
606,10:06,," "," "," "," "," "," "," "," "," "," "
607,10:07,," "," "," "," "," "," "," "," "," "," "
608,10:08,," "," "," "," "," "," "," "," "," "," "
609,10:09,," "," "," "," "," "," "," "," "," "," "
610,10:10,," "," "," "," "," "," "," "," "," "," "
611,10:11,," "," "," "," "," "," "," "," "," "," "
612,10:12,," "," "," "," "," "," "," "," "," "," "
613,10:13,," "," "," "," "," "," "," "," "," "," "
614,10:14,," "," "," "," "," "," "," "," "," "," "
615,10:15,," "," "," "," "," "," "," "," "," "," "
616,10:16,," "," "," "," "," "," "," "," "," "," "
617,10:17,," "," "," "," "," "," "," "," "," "," "
618,10:18,," "," "," "," "," "," "," "," "," "," "
619,10:19,," "," "," "," "," "," "," "," "," "," "
620,10:20,," "," "," "," "," "," "," "," "," "," "
621,10:21,," "," "," "," "," "," "," "," "," "," "
622,10:22,," "," "," "," "," "," "," "," "," "," "
623,10:23,," "," "," "," "," "," "," "," "," "," "
624,10:24,," "," "," "," "," "," "," "," "," "," "
625,10:25,," "," "," "," "," "," "," "," "," "," "
626,10:26,," "," "," "," "," "," "," "," "," "," "
627,10:27,," "," "," "," "," "," "," "," "," "," "
628,10:28,," "," "," "," "," "," "," "," "," "," "
629,10:29,," "," "," "," "," "," "," "," "," "," "
630,10:30,," "," "," "," "," "," "," "," "," "," "
631,10:31,," "," "," "," "," "," "," "," "," "," "
632,10:32,," "," "," "," "," "," "," "," "," "," "
633,10:33,," "," "," "," "," "," "," "," "," "," "
634,10:34,," "," "," "," "," "," "," "," "," "," "
635,10:35,," "," "," "," "," "," "," "," "," "," "
636,10:36,," "," "," "," "," "," "," "," "," "," "
637,10:37,," "," "," "," "," "," "," "," "," "," "
638,10:38,," "," "," "," "," "," "," "," "," "," "
639,10:39,," "," "," "," "," "," "," "," "," "," "
640,10:40,," "," "," "," "," "," "," "," "," "," "
641,10:41,," "," "," "," "," "," "," "," "," "," "
642,10:42,," "," "," "," "," "," "," "," "," "," "
643,10:43,," "," "," "," "," "," "," "," "," "," "
644,10:44,," "," "," "," "," "," "," "," "," "," "
645,10:45,," "," "," "," "," "," "," "," "," "," "
646,10:46,," "," "," "," "," "," "," "," "," "," "
647,10:47,," "," "," "," "," "," "," "," "," "," "
648,10:48,," "," "," "," "," "," "," "," "," "," "
649,10:49,," "," "," "," "," "," "," "," "," "," "
650,10:50,," "," "," "," "," "," "," "," "," "," "
651,10:51,," "," "," "," "," "," "," "," "," "," "
652,10:52,," "," "," "," "," "," "," "," "," "," "
653,10:53,," "," "," "," "," "," "," "," "," "," "
654,10:54,," "," "," "," "," "," "," "," "," "," "
655,10:55,," "," "," "," "," "," "," "," "," "," "
656,10:56,," "," "," "," "," "," "," "," "," "," "
657,10:57,," "," "," "," "," "," "," "," "," "," "
658,10:58,," "," "," "," "," "," "," "," "," "," "
659,10:59,," "," "," "," "," "," "," "," "," "," "
660,11:00,," "," "," "," "," "," "," "," "," "," "
661,11:01,," "," "," "," "," "," "," "," "," "," "
662,11:02,," "," "," "," "," "," "," "," "," "," "
663,11:03,," "," "," "," "," "," "," "," "," "," "
664,11:04,," "," "," "," "," "," "," "," "," "," "
665,11:05,," "," "," "," "," "," "," "," "," "," "
666,11:06,," "," "," "," "," "," "," "," "," "," "
667,11:07,," "," "," "," "," "," "," "," "," "," "
668,11:08,," "," "," "," "," "," "," "," "," "," "
669,11:09,," "," "," "," "," "," "," "," "," "," "
670,11:10,," "," "," "," "," "," "," "," "," "," "
671,11:11,," "," "," "," "," "," "," "," "," "," "
672,11:12,," "," "," "," "," "," "," "," "," "," "
673,11:13,," "," "," "," "," "," "," "," "," "," "
674,11:14,," "," "," "," "," "," "," "," "," "," "
675,11:15,," "," "," "," "," "," "," "," "," "," "
676,11:16,," "," "," "," "," "," "," "," "," "," "
677,11:17,," "," "," "," "," "," "," "," "," "," "
678,11:18,," "," "," "," "," "," "," "," "," "," "
679,11:19,," "," "," "," "," "," "," "," "," "," "
680,11:20,," "," "," "," "," "," "," "," "," "," "
681,11:21,," "," "," "," "," "," "," "," "," "," "
682,11:22,," "," "," "," "," "," "," "," "," "," "
683,11:23,," "," "," "," "," "," "," "," "," "," "
684,11:24,," "," "," "," "," "," "," "," "," "," "
685,11:25,," "," "," "," "," "," "," "," "," "," "
686,11:26,," "," "," "," "," "," "," "," "," "," "
687,11:27,," "," "," "," "," "," "," "," "," "," "
688,11:28,," "," "," "," "," "," "," "," "," "," "
689,11:29,," "," "," "," "," "," "," "," "," "," "
690,11:30,," "," "," "," "," "," "," "," "," "," "
691,11:31,," "," "," "," "," "," "," "," "," "," "
692,11:32,,"77","52","58","49","63","0","0","0","0","0"
693,11:33,,"77","52","58","49","63","0","0","0","0","0"
694,11:34,,"77","52","58","49","63","0","0","0","0","0"
695,11:35,,"77","52","58","49","63","0","0","0","0","0"
696,11:36,,"77","52","58","49","63","0","0","0","0","0"
697,11:37,,"77","53","58","49","63","0","0","0","0","0"
698,11:38,,"77","53","58","49","63","0","0","0","0","0"
699,11:39,,"77","53","58","49","63","0","0","0","0","0"
700,11:40,,"77","54","58","49","63","0","0","0","0","0"
701,11:41,,"77","54","58","49","63","0","0","0","0","0"
702,11:42,,"77","54","58","49","63","0","0","0","0","0"
703,11:43,,"77","54","58","49","63","0","0","0","0","0"
704,11:44,,"77","55","58","49","63","0","0","0","0","0"
705,11:45,,"77","54","58","49","63","0","0","0","0","0"
706,11:46,,"77","53","58","49","63","0","0","0","0","0"
707,11:47,,"77","54","58","49","63","0","0","0","0","0"
708,11:48,,"77","54","58","49","63","0","0","0","0","0"
709,11:49,,"77","54","58","49","63","0","0","0","0","0"
710,11:50,,"77","54","58","49","63","0","0","0","0","0"
711,11:51,,"77","54","58","49","63","0","0","0","0","0"
712,11:52,,"77","55","58","49","63","0","0","0","0","0"
713,11:53,,"77","55","58","49","63","0","0","0","0","0"
714,11:54,,"77","54","58","49","63","0","0","0","0","0"
715,11:55,,"77","55","58","49","63","0","0","0","0","0"
716,11:56,,"77","54","58","49","63","0","0","0","0","0"
717,11:57,,"77","54","58","49","63","0","0","0","0","0"
718,11:58,,"77","53","58","48","63","0","0","0","0","0"
719,11:59,,"77","53","58","49","63","0","0","0","0","0"
720,12:00,,"77","53","58","48","63","0","0","0","0","0"
721,12:01,,"77","53","58","48","63","0","0","0","0","0"
722,12:02,,"77","53","58","48","63","0","0","0","0","0"
723,12:03,,"77","53","58","48","63","0","0","0","0","0"
724,12:04,,"77","53","58","48","63","0","0","0","0","0"
725,12:05,,"77","53","58","48","63","0","0","0","0","0"
726,12:06,,"77","53","58","48","63","0","0","0","0","0"
727,12:07,,"77","52","58","48","63","0","0","0","0","0"
728,12:08,,"77","52","58","48","63","0","0","0","0","0"
729,12:09,,"77","52","58","48","63","0","0","0","0","0"
730,12:10,,"77","52","58","48","63","0","0","0","0","0"
731,12:11,,"77","52","58","48","63","0","0","0","0","0"
732,12:12,,"77","52","58","48","63","0","0","0","0","0"
733,12:13,,"77","52","58","48","63","0","0","0","0","0"
734,12:14,,"77","52","58","48","63","0","0","0","0","0"
735,12:15,,"77","52","58","48","63","0","0","0","0","0"
736,12:16,,"77","53","58","48","63","0","0","0","0","0"
737,12:17,,"77","53","58","48","63","0","0","0","0","0"
738,12:18,,"77","53","58","48","63","0","0","0","0","0"
739,12:19,,"77","53","58","48","63","0","0","0","0","0"
740,12:20,,"77","53","58","48","63","0","0","0","0","0"
741,12:21,,"77","54","58","48","63","0","0","0","0","0"
742,12:22,,"77","55","58","48","63","0","0","0","0","0"
743,12:23,,"77","57","58","48","63","0","0","0","0","0"
744,12:24,,"77","58","58","48","63","0","0","0","0","0"
745,12:25,,"77","59","58","48","63","0","0","0","0","0"
746,12:26,,"77","59","58","48","63","0","0","0","0","0"
747,12:27,,"77","61","58","48","63","0","0","0","0","0"
748,12:28,,"77","61","58","48","63","0","0","0","0","0"
749,12:29,,"77","70","58","48","63","0","0","0","0","0"
750,12:30,,"77","47","58","48","63","0","0","0","0","0"
751,12:31,,"77","47","58","48","63","0","0","0","0","0"
752,12:32,,"77","46","58","48","63","0","0","0","0","0"
753,12:33,,"77","47","58","48","63","0","0","0","0","0"
754,12:34,,"77","46","58","48","63","0","0","0","0","0"
755,12:35,,"77","47","58","48","63","0","0","0","0","0"
756,12:36,,"77","47","58","48","63","0","0","0","0","0"
757,12:37,,"77","46","58","48","63","0","0","0","0","0"
758,12:38,,"77","47","58","48","63","0","0","0","0","0"
759,12:39,," "," "," "," "," "," "," "," "," "," "
760,12:40,," "," "," "," "," "," "," "," "," "," "
761,12:41,," "," "," "," "," "," "," "," "," "," "
762,12:42,," "," "," "," "," "," "," "," "," "," "
763,12:43,," "," "," "," "," "," "," "," "," "," "
764,12:44,," "," "," "," "," "," "," "," "," "," "
765,12:45,," "," "," "," "," "," "," "," "," "," "
766,12:46,," "," "," "," "," "," "," "," "," "," "
767,12:47,," "," "," "," "," "," "," "," "," "," "
768,12:48,," "," "," "," "," "," "," "," "," "," "
769,12:49,," "," "," "," "," "," "," "," "," "," "
770,12:50,," "," "," "," "," "," "," "," "," "," "
771,12:51,," "," "," "," "," "," "," "," "," "," "
772,12:52,," "," "," "," "," "," "," "," "," "," "
773,12:53,," "," "," "," "," "," "," "," "," "," "
774,12:54,," "," "," "," "," "," "," "," "," "," "
775,12:55,," "," "," "," "," "," "," "," "," "," "
776,12:56,," "," "," "," "," "," "," "," "," "," "
777,12:57,," "," "," "," "," "," "," "," "," "," "
778,12:58,," "," "," "," "," "," "," "," "," "," "
779,12:59,," "," "," "," "," "," "," "," "," "," "
780,13:00,,"77","46","58","49","63","0","0","0","0","0"
781,13:01,,"77","46","58","49","63","0","0","0","0","0"
782,13:02,,"77","47","58","49","63","0","0","0","0","0"
783,13:03,,"77","47","58","49","63","0","0","0","0","0"
784,13:04,,"77","47","58","49","63","0","0","0","0","0"
785,13:05,,"77","47","58","49","63","0","0","0","0","0"
786,13:06,,"77","47","58","49","63","0","0","0","0","0"
787,13:07,,"77","47","58","48","63","0","0","0","0","0"
788,13:08,,"77","47","58","49","63","0","0","0","0","0"
789,13:09,,"77","47","58","49","63","0","0","0","0","0"
790,13:10,,"77","46","58","49","63","0","0","0","0","0"
791,13:11,,"77","46","58","49","63","0","0","0","0","0"
792,13:12,,"77","46","58","49","63","0","0","0","0","0"
793,13:13,,"77","46","58","49","63","0","0","0","0","0"
794,13:14,,"77","46","58","49","63","0","0","0","0","0"
795,13:15,,"76","47","58","49","63","0","0","0","0","0"
796,13:16,,"77","47","58","49","63","0","0","0","0","0"
797,13:17,,"77","47","58","49","63","0","0","0","0","0"
798,13:18,,"77","47","58","49","63","0","0","0","0","0"
799,13:19,,"76","47","58","49","63","0","0","0","0","0"
800,13:20,,"77","47","58","49","63","0","0","0","0","0"
801,13:21,,"77","47","58","49","63","0","0","0","0","0"
802,13:22,,"77","47","58","49","63","0","0","0","0","0"
803,13:23,,"77","47","58","49","63","0","0","0","0","0"
804,13:24,,"77","47","58","49","63","0","0","0","0","0"
805,13:25,,"41","51","24","70","24","0","0","0","0","0"
806,13:26,,"77","47","58","49","63","0","0","0","0","0"
807,13:27,,"77","47","58","49","63","0","0","0","0","0"
808,13:28,,"77","47","58","49","63","0","0","0","0","0"
809,13:29,,"77","47","58","49","63","0","0","0","0","0"
810,13:30,,"77","46","58","49","63","0","0","0","0","0"
811,13:31,,"77","46","58","49","63","0","0","0","0","0"
812,13:32,,"77","46","58","49","63","0","0","0","0","0"
813,13:33,,"77","46","58","49","63","0","0","0","0","0"
814,13:34,,"77","47","58","49","63","0","0","0","0","0"
815,13:35,,"77","46","58","49","63","0","0","0","0","0"
816,13:36,,"77","46","58","49","63","0","0","0","0","0"
817,13:37,,"76","46","58","49","63","0","0","0","0","0"
818,13:38,,"76","46","58","48","63","0","0","0","0","0"
819,13:39,,"77","47","58","49","63","0","0","0","0","0"
820,13:40,,"76","47","58","49","63","0","0","0","0","0"
821,13:41,,"76","46","58","48","63","0","0","0","0","0"
822,13:42,,"76","46","58","48","63","0","0","0","0","0"
823,13:43,,"76","46","58","48","63","0","0","0","0","0"
824,13:44,,"77","46","58","48","63","0","0","0","0","0"
825,13:45,,"77","46","58","48","63","0","0","0","0","0"
826,13:46,,"76","46","58","48","63","0","0","0","0","0"
827,13:47,,"76","46","58","48","63","0","0","0","0","0"
828,13:48,,"76","46","58","48","63","0","0","0","0","0"
829,13:49,,"76","47","58","49","63","0","0","0","0","0"
830,13:50,,"76","47","58","49","63","0","0","0","0","0"
831,13:51,,"76","47","58","48","63","0","0","0","0","0"
832,13:52,,"76","46","58","48","63","0","0","0","0","0"
833,13:53,,"76","48","58","48","63","0","0","0","0","0"
834,13:54,,"76","48","58","48","63","0","0","0","0","0"
835,13:55,,"77","48","58","48","63","0","0","0","0","0"
836,13:56,,"76","47","58","48","63","0","0","0","0","0"
837,13:57,,"77","47","58","48","63","0","0","0","0","0"
838,13:58,,"77","47","58","49","63","0","0","0","0","0"
839,13:59,,"77","47","58","49","63","0","0","0","0","0"
840,14:00,,"77","47","58","48","63","0","0","0","0","0"
841,14:01,,"77","47","58","49","63","0","0","0","0","0"
842,14:02,,"77","47","58","49","63","0","0","0","0","0"
843,14:03,,"77","47","58","48","63","0","0","0","0","0"
844,14:04,,"77","47","58","49","63","0","0","0","0","0"
845,14:05,,"77","47","58","49","63","0","0","0","0","0"
846,14:06,,"77","47","58","49","63","0","0","0","0","0"
847,14:07,,"77","47","58","49","63","0","0","0","0","0"
848,14:08,,"77","47","58","48","63","0","0","0","0","0"
849,14:09,,"77","46","58","48","63","0","0","0","0","0"
850,14:10,,"77","46","58","48","63","0","0","0","0","0"
851,14:11,,"77","46","58","48","63","0","0","0","0","0"
852,14:12,,"77","47","58","48","63","0","0","0","0","0"
853,14:13,,"77","47","58","48","63","0","0","0","0","0"
854,14:14,,"77","47","58","48","63","0","0","0","0","0"
855,14:15,,"77","47","58","48","63","0","0","0","0","0"
856,14:16,,"77","47","58","48","63","0","0","0","0","0"
857,14:17,,"77","47","58","48","63","0","0","0","0","0"
858,14:18,,"77","47","58","48","63","0","0","0","0","0"
859,14:19,,"77","47","58","48","63","0","0","0","0","0"
860,14:20,,"77","47","58","48","63","0","0","0","0","0"
861,14:21,,"77","47","58","48","63","0","0","0","0","0"
862,14:22,,"77","47","58","48","63","0","0","0","0","0"
863,14:23,,"77","47","58","48","63","0","0","0","0","0"
864,14:24,,"77","47","58","48","63","0","0","0","0","0"
865,14:25,,"77","47","58","48","63","0","0","0","0","0"
866,14:26,,"77","46","58","48","63","0","0","0","0","0"
867,14:27,,"77","47","58","48","63","0","0","0","0","0"
868,14:28,,"77","46","58","48","63","0","0","0","0","0"
869,14:29,,"77","47","58","48","63","0","0","0","0","0"
870,14:30,,"77","47","58","48","63","0","0","0","0","0"
871,14:31,,"77","47","58","48","63","0","0","0","0","0"
872,14:32,,"77","46","58","49","63","0","0","0","0","0"
873,14:33,,"77","47","58","49","63","0","0","0","0","0"
874,14:34,,"77","47","58","48","63","0","0","0","0","0"
875,14:35,,"77","46","58","49","63","0","0","0","0","0"
876,14:36,,"77","46","58","48","63","0","0","0","0","0"
877,14:37,,"77","46","58","48","63","0","0","0","0","0"
878,14:38,,"77","46","58","48","63","0","0","0","0","0"
879,14:39,,"77","46","58","48","63","0","0","0","0","0"
880,14:40,,"77","46","58","48","63","0","0","0","0","0"
881,14:41,,"77","46","58","49","63","0","0","0","0","0"
882,14:42,,"77","46","58","48","63","0","0","0","0","0"
883,14:43,,"77","46","58","48","63","0","0","0","0","0"
884,14:44,,"77","46","58","48","63","0","0","0","0","0"
885,14:45,,"77","46","58","48","63","0","0","0","0","0"
886,14:46,,"77","46","58","48","63","0","0","0","0","0"
887,14:47,,"77","46","58","48","63","0","0","0","0","0"
888,14:48,,"77","46","58","49","63","0","0","0","0","0"
889,14:49,,"77","46","58","49","63","0","0","0","0","0"
890,14:50,,"77","46","58","48","63","0","0","0","0","0"
891,14:51,,"77","46","58","48","63","0","0","0","0","0"
892,14:52,,"77","46","58","48","63","0","0","0","0","0"
893,14:53,,"77","46","58","48","63","0","0","0","0","0"
894,14:54,,"77","46","58","49","63","0","0","0","0","0"
895,14:55,,"77","46","58","48","63","0","0","0","0","0"
896,14:56,,"77","46","58","48","63","0","0","0","0","0"
897,14:57,,"77","46","58","48","63","0","0","0","0","0"
898,14:58,,"77","46","58","49","63","0","0","0","0","0"
899,14:59,,"77","46","58","49","63","0","0","0","0","0"
900,15:00,,"77","46","58","49","63","0","0","0","0","0"
901,15:01,,"77","46","58","49","63","0","0","0","0","0"
902,15:02,,"77","46","58","48","63","0","0","0","0","0"
903,15:03,,"77","46","58","48","63","0","0","0","0","0"
904,15:04,,"77","45","58","48","63","0","0","0","0","0"
905,15:05,,"77","46","58","48","63","0","0","0","0","0"
906,15:06,,"77","46","58","48","63","0","0","0","0","0"
907,15:07,,"77","46","58","48","63","0","0","0","0","0"
908,15:08,,"77","46","58","48","63","0","0","0","0","0"
909,15:09,,"77","46","58","48","63","0","0","0","0","0"
910,15:10,,"41","50","22","70","24","0","0","0","0","0"
911,15:11,,"77","46","58","48","63","0","0","0","0","0"
912,15:12,,"77","46","58","48","63","0","0","0","0","0"
913,15:13,,"77","46","58","48","63","0","0","0","0","0"
914,15:14,,"77","46","58","48","63","0","0","0","0","0"
915,15:15,,"77","46","58","48","63","0","0","0","0","0"
916,15:16,,"77","46","58","48","63","0","0","0","0","0"
917,15:17,,"77","46","58","48","63","0","0","0","0","0"
918,15:18,,"77","47","58","48","63","0","0","0","0","0"
919,15:19,,"77","46","58","48","63","0","0","0","0","0"
920,15:20,,"77","46","58","48","63","0","0","0","0","0"
921,15:21,,"77","46","58","48","63","0","0","0","0","0"
922,15:22,,"77","47","58","48","63","0","0","0","0","0"
923,15:23,,"77","47","58","48","63","0","0","0","0","0"
924,15:24,,"77","46","58","48","63","0","0","0","0","0"
925,15:25,,"77","46","58","48","63","0","0","0","0","0"
926,15:26,,"77","46","58","48","63","0","0","0","0","0"
927,15:27,,"77","46","58","48","63","0","0","0","0","0"
928,15:28,,"77","46","58","48","63","0","0","0","0","0"
929,15:29,,"77","47","58","48","63","0","0","0","0","0"
930,15:30,,"77","46","58","48","63","0","0","0","0","0"
931,15:31,,"77","47","58","48","63","0","0","0","0","0"
932,15:32,,"77","47","58","48","63","0","0","0","0","0"
933,15:33,,"77","47","58","48","63","0","0","0","0","0"
934,15:34,,"77","47","58","48","63","0","0","0","0","0"
935,15:35,,"77","47","58","48","63","0","0","0","0","0"
936,15:36,,"77","47","58","48","63","0","0","0","0","0"
937,15:37,,"77","47","58","48","63","0","0","0","0","0"
938,15:38,,"77","47","58","48","63","0","0","0","0","0"
939,15:39,,"77","47","58","48","63","0","0","0","0","0"
940,15:40,,"77","47","58","48","63","0","0","0","0","0"
941,15:41,,"77","47","58","48","63","0","0","0","0","0"
942,15:42,,"77","47","58","48","63","0","0","0","0","0"
943,15:43,,"77","47","58","48","63","0","0","0","0","0"
944,15:44,,"77","47","58","48","63","0","0","0","0","0"
945,15:45,,"77","47","58","48","63","0","0","0","0","0"
946,15:46,," "," "," "," "," "," "," "," "," "," "
947,15:47,," "," "," "," "," "," "," "," "," "," "
948,15:48,," "," "," "," "," "," "," "," "," "," "
949,15:49,," "," "," "," "," "," "," "," "," "," "
950,15:50,," "," "," "," "," "," "," "," "," "," "
951,15:51,,"77","47","58","48","63","0","0","0","0","0"
952,15:52,,"77","47","58","49","63","0","0","0","0","0"
953,15:53,,"77","47","58","49","63","0","0","0","0","0"
954,15:54,,"77","47","58","48","63","0","0","0","0","0"
955,15:55,,"77","46","58","48","63","0","0","0","0","0"
956,15:56,,"77","46","58","48","63","0","0","0","0","0"
957,15:57,,"77","46","58","48","63","0","0","0","0","0"
958,15:58,,"77","46","58","48","63","0","0","0","0","0"
959,15:59,,"77","46","58","48","63","0","0","0","0","0"
960,16:00,,"77","46","58","48","63","0","0","0","0","0"
961,16:01,,"77","45","58","48","63","0","0","0","0","0"
962,16:02,,"77","46","58","48","63","0","0","0","0","0"
963,16:03,,"77","46","58","48","63","0","0","0","0","0"
964,16:04,,"77","46","58","48","63","0","0","0","0","0"
965,16:05,,"77","46","58","48","63","0","0","0","0","0"
966,16:06,,"77","46","58","48","63","0","0","0","0","0"
967,16:07,,"77","46","58","48","63","0","0","0","0","0"
968,16:08,,"77","46","58","48","63","0","0","0","0","0"
969,16:09,,"77","46","58","48","63","0","0","0","0","0"
970,16:10,,"77","46","58","48","63","0","0","0","0","0"
971,16:11,,"77","46","58","48","63","0","0","0","0","0"
972,16:12,,"77","46","58","48","63","0","0","0","0","0"
973,16:13,,"77","46","58","48","63","0","0","0","0","0"
974,16:14,,"77","46","58","48","63","0","0","0","0","0"
975,16:15,,"77","46","58","48","63","0","0","0","0","0"
976,16:16,,"77","46","58","48","63","0","0","0","0","0"
977,16:17,,"77","46","58","48","63","0","0","0","0","0"
978,16:18,,"77","46","58","48","63","0","0","0","0","0"
979,16:19,,"77","46","58","48","63","0","0","0","0","0"
980,16:20,,"77","46","58","48","63","0","0","0","0","0"
981,16:21,,"77","46","58","48","63","0","0","0","0","0"
982,16:22,,"77","46","58","48","63","0","0","0","0","0"
983,16:23,,"77","46","58","48","63","0","0","0","0","0"
984,16:24,,"77","46","58","48","63","0","0","0","0","0"
985,16:25,,"77","46","58","48","63","0","0","0","0","0"
986,16:26,,"77","46","58","48","63","0","0","0","0","0"
987,16:27,,"77","46","58","48","63","0","0","0","0","0"
988,16:28,,"77","46","58","48","63","0","0","0","0","0"
989,16:29,,"77","46","58","48","63","0","0","0","0","0"
990,16:30,,"77","46","58","48","63","0","0","0","0","0"
991,16:31,,"77","46","58","48","63","0","0","0","0","0"
992,16:32,,"77","46","58","48","63","0","0","0","0","0"
993,16:33,,"77","46","58","48","63","0","0","0","0","0"
994,16:34,,"77","46","58","48","63","0","0","0","0","0"
995,16:35,,"77","46","58","48","63","0","0","0","0","0"
996,16:36,,"77","46","58","48","63","0","0","0","0","0"
997,16:37,,"77","46","58","48","63","0","0","0","0","0"
998,16:38,,"77","46","58","48","63","0","0","0","0","0"
999,16:39,,"77","45","58","48","63","0","0","0","0","0"
1000,16:40,,"77","45","58","47","63","0","0","0","0","0"
1001,16:41,,"77","45","58","48","63","0","0","0","0","0"
1002,16:42,,"77","46","58","48","63","0","0","0","0","0"
1003,16:43,,"77","46","58","48","63","0","0","0","0","0"
1004,16:44,," "," "," "," "," "," "," "," "," "," "
1005,16:45,," "," "," "," "," "," "," "," "," "," "
1006,16:46,," "," "," "," "," "," "," "," "," "," "
1007,16:47,," "," "," "," "," "," "," "," "," "," "
1008,16:48,," "," "," "," "," "," "," "," "," "," "
1009,16:49,," "," "," "," "," "," "," "," "," "," "
1010,16:50,," "," "," "," "," "," "," "," "," "," "
1011,16:51,," "," "," "," "," "," "," "," "," "," "
1012,16:52,," "," "," "," "," "," "," "," "," "," "
1013,16:53,," "," "," "," "," "," "," "," "," "," "
1014,16:54,," "," "," "," "," "," "," "," "," "," "
1015,16:55,," "," "," "," "," "," "," "," "," "," "
1016,16:56,," "," "," "," "," "," "," "," "," "," "
1017,16:57,," "," "," "," "," "," "," "," "," "," "
1018,16:58,," "," "," "," "," "," "," "," "," "," "
1019,16:59,," "," "," "," "," "," "," "," "," "," "
1020,17:00,," "," "," "," "," "," "," "," "," "," "
1021,17:01,," "," "," "," "," "," "," "," "," "," "
1022,17:02,," "," "," "," "," "," "," "," "," "," "
1023,17:03,," "," "," "," "," "," "," "," "," "," "
1024,17:04,," "," "," "," "," "," "," "," "," "," "
1025,17:05,," "," "," "," "," "," "," "," "," "," "
1026,17:06,," "," "," "," "," "," "," "," "," "," "
1027,17:07,," "," "," "," "," "," "," "," "," "," "
1028,17:08,," "," "," "," "," "," "," "," "," "," "
1029,17:09,," "," "," "," "," "," "," "," "," "," "
1030,17:10,," "," "," "," "," "," "," "," "," "," "
1031,17:11,," "," "," "," "," "," "," "," "," "," "
1032,17:12,," "," "," "," "," "," "," "," "," "," "
1033,17:13,," "," "," "," "," "," "," "," "," "," "
1034,17:14,," "," "," "," "," "," "," "," "," "," "
1035,17:15,," "," "," "," "," "," "," "," "," "," "
1036,17:16,," "," "," "," "," "," "," "," "," "," "
1037,17:17,," "," "," "," "," "," "," "," "," "," "
1038,17:18,," "," "," "," "," "," "," "," "," "," "
1039,17:19,," "," "," "," "," "," "," "," "," "," "
1040,17:20,," "," "," "," "," "," "," "," "," "," "
1041,17:21,," "," "," "," "," "," "," "," "," "," "
1042,17:22,," "," "," "," "," "," "," "," "," "," "
1043,17:23,," "," "," "," "," "," "," "," "," "," "
1044,17:24,," "," "," "," "," "," "," "," "," "," "
1045,17:25,," "," "," "," "," "," "," "," "," "," "
1046,17:26,," "," "," "," "," "," "," "," "," "," "
1047,17:27,," "," "," "," "," "," "," "," "," "," "
1048,17:28,," "," "," "," "," "," "," "," "," "," "
1049,17:29,," "," "," "," "," "," "," "," "," "," "
1050,17:30,," "," "," "," "," "," "," "," "," "," "
1051,17:31,," "," "," "," "," "," "," "," "," "," "
1052,17:32,," "," "," "," "," "," "," "," "," "," "
1053,17:33,," "," "," "," "," "," "," "," "," "," "
1054,17:34,," "," "," "," "," "," "," "," "," "," "
1055,17:35,," "," "," "," "," "," "," "," "," "," "
1056,17:36,," "," "," "," "," "," "," "," "," "," "
1057,17:37,," "," "," "," "," "," "," "," "," "," "
1058,17:38,," "," "," "," "," "," "," "," "," "," "
1059,17:39,," "," "," "," "," "," "," "," "," "," "
1060,17:40,," "," "," "," "," "," "," "," "," "," "
1061,17:41,," "," "," "," "," "," "," "," "," "," "
1062,17:42,," "," "," "," "," "," "," "," "," "," "
1063,17:43,," "," "," "," "," "," "," "," "," "," "
1064,17:44,," "," "," "," "," "," "," "," "," "," "
1065,17:45,," "," "," "," "," "," "," "," "," "," "
1066,17:46,," "," "," "," "," "," "," "," "," "," "
1067,17:47,," "," "," "," "," "," "," "," "," "," "
1068,17:48,," "," "," "," "," "," "," "," "," "," "
1069,17:49,," "," "," "," "," "," "," "," "," "," "
1070,17:50,," "," "," "," "," "," "," "," "," "," "
1071,17:51,," "," "," "," "," "," "," "," "," "," "
1072,17:52,," "," "," "," "," "," "," "," "," "," "
1073,17:53,," "," "," "," "," "," "," "," "," "," "
1074,17:54,," "," "," "," "," "," "," "," "," "," "
1075,17:55,," "," "," "," "," "," "," "," "," "," "
1076,17:56,," "," "," "," "," "," "," "," "," "," "
1077,17:57,," "," "," "," "," "," "," "," "," "," "
1078,17:58,," "," "," "," "," "," "," "," "," "," "
1079,17:59,," "," "," "," "," "," "," "," "," "," "
1080,18:00,," "," "," "," "," "," "," "," "," "," "
1081,18:01,," "," "," "," "," "," "," "," "," "," "
1082,18:02,," "," "," "," "," "," "," "," "," "," "
1083,18:03,," "," "," "," "," "," "," "," "," "," "
1084,18:04,," "," "," "," "," "," "," "," "," "," "
1085,18:05,," "," "," "," "," "," "," "," "," "," "
1086,18:06,," "," "," "," "," "," "," "," "," "," "
1087,18:07,," "," "," "," "," "," "," "," "," "," "
1088,18:08,," "," "," "," "," "," "," "," "," "," "
1089,18:09,," "," "," "," "," "," "," "," "," "," "
1090,18:10,," "," "," "," "," "," "," "," "," "," "
1091,18:11,," "," "," "," "," "," "," "," "," "," "
1092,18:12,," "," "," "," "," "," "," "," "," "," "
1093,18:13,," "," "," "," "," "," "," "," "," "," "
1094,18:14,," "," "," "," "," "," "," "," "," "," "
1095,18:15,," "," "," "," "," "," "," "," "," "," "
1096,18:16,," "," "," "," "," "," "," "," "," "," "
1097,18:17,," "," "," "," "," "," "," "," "," "," "
1098,18:18,," "," "," "," "," "," "," "," "," "," "
1099,18:19,," "," "," "," "," "," "," "," "," "," "
1100,18:20,," "," "," "," "," "," "," "," "," "," "
1101,18:21,," "," "," "," "," "," "," "," "," "," "
1102,18:22,," "," "," "," "," "," "," "," "," "," "
1103,18:23,," "," "," "," "," "," "," "," "," "," "
1104,18:24,," "," "," "," "," "," "," "," "," "," "
1105,18:25,," "," "," "," "," "," "," "," "," "," "
1106,18:26,," "," "," "," "," "," "," "," "," "," "
1107,18:27,," "," "," "," "," "," "," "," "," "," "
1108,18:28,," "," "," "," "," "," "," "," "," "," "
1109,18:29,," "," "," "," "," "," "," "," "," "," "
1110,18:30,," "," "," "," "," "," "," "," "," "," "
1111,18:31,," "," "," "," "," "," "," "," "," "," "
1112,18:32,," "," "," "," "," "," "," "," "," "," "
1113,18:33,," "," "," "," "," "," "," "," "," "," "
1114,18:34,," "," "," "," "," "," "," "," "," "," "
1115,18:35,," "," "," "," "," "," "," "," "," "," "
1116,18:36,," "," "," "," "," "," "," "," "," "," "
1117,18:37,," "," "," "," "," "," "," "," "," "," "
1118,18:38,," "," "," "," "," "," "," "," "," "," "
1119,18:39,," "," "," "," "," "," "," "," "," "," "
1120,18:40,," "," "," "," "," "," "," "," "," "," "
1121,18:41,," "," "," "," "," "," "," "," "," "," "
1122,18:42,," "," "," "," "," "," "," "," "," "," "
1123,18:43,," "," "," "," "," "," "," "," "," "," "
1124,18:44,," "," "," "," "," "," "," "," "," "," "
1125,18:45,," "," "," "," "," "," "," "," "," "," "
1126,18:46,," "," "," "," "," "," "," "," "," "," "
1127,18:47,," "," "," "," "," "," "," "," "," "," "
1128,18:48,," "," "," "," "," "," "," "," "," "," "
1129,18:49,," "," "," "," "," "," "," "," "," "," "
1130,18:50,," "," "," "," "," "," "," "," "," "," "
1131,18:51,," "," "," "," "," "," "," "," "," "," "
1132,18:52,," "," "," "," "," "," "," "," "," "," "
1133,18:53,," "," "," "," "," "," "," "," "," "," "
1134,18:54,," "," "," "," "," "," "," "," "," "," "
1135,18:55,," "," "," "," "," "," "," "," "," "," "
1136,18:56,," "," "," "," "," "," "," "," "," "," "
1137,18:57,," "," "," "," "," "," "," "," "," "," "
1138,18:58,," "," "," "," "," "," "," "," "," "," "
1139,18:59,," "," "," "," "," "," "," "," "," "," "
1140,19:00,," "," "," "," "," "," "," "," "," "," "
1141,19:01,," "," "," "," "," "," "," "," "," "," "
1142,19:02,," "," "," "," "," "," "," "," "," "," "
1143,19:03,," "," "," "," "," "," "," "," "," "," "
1144,19:04,," "," "," "," "," "," "," "," "," "," "
1145,19:05,," "," "," "," "," "," "," "," "," "," "
1146,19:06,," "," "," "," "," "," "," "," "," "," "
1147,19:07,," "," "," "," "," "," "," "," "," "," "
1148,19:08,," "," "," "," "," "," "," "," "," "," "
1149,19:09,," "," "," "," "," "," "," "," "," "," "
1150,19:10,," "," "," "," "," "," "," "," "," "," "
1151,19:11,," "," "," "," "," "," "," "," "," "," "
1152,19:12,," "," "," "," "," "," "," "," "," "," "
1153,19:13,," "," "," "," "," "," "," "," "," "," "
1154,19:14,," "," "," "," "," "," "," "," "," "," "
1155,19:15,," "," "," "," "," "," "," "," "," "," "
1156,19:16,," "," "," "," "," "," "," "," "," "," "
1157,19:17,," "," "," "," "," "," "," "," "," "," "
1158,19:18,," "," "," "," "," "," "," "," "," "," "
1159,19:19,," "," "," "," "," "," "," "," "," "," "
1160,19:20,," "," "," "," "," "," "," "," "," "," "
1161,19:21,," "," "," "," "," "," "," "," "," "," "
1162,19:22,," "," "," "," "," "," "," "," "," "," "
1163,19:23,," "," "," "," "," "," "," "," "," "," "
1164,19:24,," "," "," "," "," "," "," "," "," "," "
1165,19:25,," "," "," "," "," "," "," "," "," "," "
1166,19:26,," "," "," "," "," "," "," "," "," "," "
1167,19:27,," "," "," "," "," "," "," "," "," "," "
1168,19:28,," "," "," "," "," "," "," "," "," "," "
1169,19:29,," "," "," "," "," "," "," "," "," "," "
1170,19:30,," "," "," "," "," "," "," "," "," "," "
1171,19:31,," "," "," "," "," "," "," "," "," "," "
1172,19:32,," "," "," "," "," "," "," "," "," "," "
1173,19:33,," "," "," "," "," "," "," "," "," "," "
1174,19:34,," "," "," "," "," "," "," "," "," "," "
1175,19:35,," "," "," "," "," "," "," "," "," "," "
1176,19:36,," "," "," "," "," "," "," "," "," "," "
1177,19:37,," "," "," "," "," "," "," "," "," "," "
1178,19:38,," "," "," "," "," "," "," "," "," "," "
1179,19:39,," "," "," "," "," "," "," "," "," "," "
1180,19:40,," "," "," "," "," "," "," "," "," "," "
1181,19:41,," "," "," "," "," "," "," "," "," "," "
1182,19:42,," "," "," "," "," "," "," "," "," "," "
1183,19:43,," "," "," "," "," "," "," "," "," "," "
1184,19:44,," "," "," "," "," "," "," "," "," "," "
1185,19:45,," "," "," "," "," "," "," "," "," "," "
1186,19:46,," "," "," "," "," "," "," "," "," "," "
1187,19:47,," "," "," "," "," "," "," "," "," "," "
1188,19:48,," "," "," "," "," "," "," "," "," "," "
1189,19:49,," "," "," "," "," "," "," "," "," "," "
1190,19:50,," "," "," "," "," "," "," "," "," "," "
1191,19:51,," "," "," "," "," "," "," "," "," "," "
1192,19:52,," "," "," "," "," "," "," "," "," "," "
1193,19:53,," "," "," "," "," "," "," "," "," "," "
1194,19:54,," "," "," "," "," "," "," "," "," "," "
1195,19:55,," "," "," "," "," "," "," "," "," "," "
1196,19:56,," "," "," "," "," "," "," "," "," "," "
1197,19:57,," "," "," "," "," "," "," "," "," "," "
1198,19:58,," "," "," "," "," "," "," "," "," "," "
1199,19:59,," "," "," "," "," "," "," "," "," "," "
1200,20:00,," "," "," "," "," "," "," "," "," "," "
1201,20:01,," "," "," "," "," "," "," "," "," "," "
1202,20:02,," "," "," "," "," "," "," "," "," "," "
1203,20:03,," "," "," "," "," "," "," "," "," "," "
1204,20:04,," "," "," "," "," "," "," "," "," "," "
1205,20:05,," "," "," "," "," "," "," "," "," "," "
1206,20:06,," "," "," "," "," "," "," "," "," "," "
1207,20:07,," "," "," "," "," "," "," "," "," "," "
1208,20:08,," "," "," "," "," "," "," "," "," "," "
1209,20:09,," "," "," "," "," "," "," "," "," "," "
1210,20:10,," "," "," "," "," "," "," "," "," "," "
1211,20:11,," "," "," "," "," "," "," "," "," "," "
1212,20:12,," "," "," "," "," "," "," "," "," "," "
1213,20:13,," "," "," "," "," "," "," "," "," "," "
1214,20:14,," "," "," "," "," "," "," "," "," "," "
1215,20:15,," "," "," "," "," "," "," "," "," "," "
1216,20:16,," "," "," "," "," "," "," "," "," "," "
1217,20:17,," "," "," "," "," "," "," "," "," "," "
1218,20:18,," "," "," "," "," "," "," "," "," "," "
1219,20:19,," "," "," "," "," "," "," "," "," "," "
1220,20:20,," "," "," "," "," "," "," "," "," "," "
1221,20:21,," "," "," "," "," "," "," "," "," "," "
1222,20:22,," "," "," "," "," "," "," "," "," "," "
1223,20:23,," "," "," "," "," "," "," "," "," "," "
1224,20:24,," "," "," "," "," "," "," "," "," "," "
1225,20:25,," "," "," "," "," "," "," "," "," "," "
1226,20:26,," "," "," "," "," "," "," "," "," "," "
1227,20:27,," "," "," "," "," "," "," "," "," "," "
1228,20:28,," "," "," "," "," "," "," "," "," "," "
1229,20:29,," "," "," "," "," "," "," "," "," "," "
1230,20:30,," "," "," "," "," "," "," "," "," "," "
1231,20:31,," "," "," "," "," "," "," "," "," "," "
1232,20:32,," "," "," "," "," "," "," "," "," "," "
1233,20:33,," "," "," "," "," "," "," "," "," "," "
1234,20:34,," "," "," "," "," "," "," "," "," "," "
1235,20:35,," "," "," "," "," "," "," "," "," "," "
1236,20:36,," "," "," "," "," "," "," "," "," "," "
1237,20:37,," "," "," "," "," "," "," "," "," "," "
1238,20:38,," "," "," "," "," "," "," "," "," "," "
1239,20:39,," "," "," "," "," "," "," "," "," "," "
1240,20:40,," "," "," "," "," "," "," "," "," "," "
1241,20:41,," "," "," "," "," "," "," "," "," "," "
1242,20:42,," "," "," "," "," "," "," "," "," "," "
1243,20:43,," "," "," "," "," "," "," "," "," "," "
1244,20:44,," "," "," "," "," "," "," "," "," "," "
1245,20:45,," "," "," "," "," "," "," "," "," "," "
1246,20:46,," "," "," "," "," "," "," "," "," "," "
1247,20:47,," "," "," "," "," "," "," "," "," "," "
1248,20:48,," "," "," "," "," "," "," "," "," "," "
1249,20:49,," "," "," "," "," "," "," "," "," "," "
1250,20:50,," "," "," "," "," "," "," "," "," "," "
1251,20:51,," "," "," "," "," "," "," "," "," "," "
1252,20:52,," "," "," "," "," "," "," "," "," "," "
1253,20:53,," "," "," "," "," "," "," "," "," "," "
1254,20:54,," "," "," "," "," "," "," "," "," "," "
1255,20:55,," "," "," "," "," "," "," "," "," "," "
1256,20:56,," "," "," "," "," "," "," "," "," "," "
1257,20:57,," "," "," "," "," "," "," "," "," "," "
1258,20:58,," "," "," "," "," "," "," "," "," "," "
1259,20:59,," "," "," "," "," "," "," "," "," "," "
1260,21:00,," "," "," "," "," "," "," "," "," "," "
1261,21:01,," "," "," "," "," "," "," "," "," "," "
1262,21:02,," "," "," "," "," "," "," "," "," "," "
1263,21:03,," "," "," "," "," "," "," "," "," "," "
1264,21:04,," "," "," "," "," "," "," "," "," "," "
1265,21:05,," "," "," "," "," "," "," "," "," "," "
1266,21:06,," "," "," "," "," "," "," "," "," "," "
1267,21:07,," "," "," "," "," "," "," "," "," "," "
1268,21:08,," "," "," "," "," "," "," "," "," "," "
1269,21:09,," "," "," "," "," "," "," "," "," "," "
1270,21:10,," "," "," "," "," "," "," "," "," "," "
1271,21:11,," "," "," "," "," "," "," "," "," "," "
1272,21:12,," "," "," "," "," "," "," "," "," "," "
1273,21:13,," "," "," "," "," "," "," "," "," "," "
1274,21:14,," "," "," "," "," "," "," "," "," "," "
1275,21:15,," "," "," "," "," "," "," "," "," "," "
1276,21:16,," "," "," "," "," "," "," "," "," "," "
1277,21:17,," "," "," "," "," "," "," "," "," "," "
1278,21:18,," "," "," "," "," "," "," "," "," "," "
1279,21:19,," "," "," "," "," "," "," "," "," "," "
1280,21:20,," "," "," "," "," "," "," "," "," "," "
1281,21:21,," "," "," "," "," "," "," "," "," "," "
1282,21:22,," "," "," "," "," "," "," "," "," "," "
1283,21:23,," "," "," "," "," "," "," "," "," "," "
1284,21:24,," "," "," "," "," "," "," "," "," "," "
1285,21:25,," "," "," "," "," "," "," "," "," "," "
1286,21:26,," "," "," "," "," "," "," "," "," "," "
1287,21:27,," "," "," "," "," "," "," "," "," "," "
1288,21:28,," "," "," "," "," "," "," "," "," "," "
1289,21:29,," "," "," "," "," "," "," "," "," "," "
1290,21:30,," "," "," "," "," "," "," "," "," "," "
1291,21:31,," "," "," "," "," "," "," "," "," "," "
1292,21:32,," "," "," "," "," "," "," "," "," "," "
1293,21:33,," "," "," "," "," "," "," "," "," "," "
1294,21:34,," "," "," "," "," "," "," "," "," "," "
1295,21:35,," "," "," "," "," "," "," "," "," "," "
1296,21:36,," "," "," "," "," "," "," "," "," "," "
1297,21:37,," "," "," "," "," "," "," "," "," "," "
1298,21:38,," "," "," "," "," "," "," "," "," "," "
1299,21:39,," "," "," "," "," "," "," "," "," "," "
1300,21:40,," "," "," "," "," "," "," "," "," "," "
1301,21:41,," "," "," "," "," "," "," "," "," "," "
1302,21:42,," "," "," "," "," "," "," "," "," "," "
1303,21:43,," "," "," "," "," "," "," "," "," "," "
1304,21:44,," "," "," "," "," "," "," "," "," "," "
1305,21:45,," "," "," "," "," "," "," "," "," "," "
1306,21:46,," "," "," "," "," "," "," "," "," "," "
1307,21:47,," "," "," "," "," "," "," "," "," "," "
1308,21:48,," "," "," "," "," "," "," "," "," "," "
1309,21:49,," "," "," "," "," "," "," "," "," "," "
1310,21:50,," "," "," "," "," "," "," "," "," "," "
1311,21:51,," "," "," "," "," "," "," "," "," "," "
1312,21:52,," "," "," "," "," "," "," "," "," "," "
1313,21:53,," "," "," "," "," "," "," "," "," "," "
1314,21:54,," "," "," "," "," "," "," "," "," "," "
1315,21:55,," "," "," "," "," "," "," "," "," "," "
1316,21:56,," "," "," "," "," "," "," "," "," "," "
1317,21:57,," "," "," "," "," "," "," "," "," "," "
1318,21:58,," "," "," "," "," "," "," "," "," "," "
1319,21:59,," "," "," "," "," "," "," "," "," "," "
1320,22:00,," "," "," "," "," "," "," "," "," "," "
1321,22:01,," "," "," "," "," "," "," "," "," "," "
1322,22:02,," "," "," "," "," "," "," "," "," "," "
1323,22:03,," "," "," "," "," "," "," "," "," "," "
1324,22:04,," "," "," "," "," "," "," "," "," "," "
1325,22:05,," "," "," "," "," "," "," "," "," "," "
1326,22:06,," "," "," "," "," "," "," "," "," "," "
1327,22:07,," "," "," "," "," "," "," "," "," "," "
1328,22:08,," "," "," "," "," "," "," "," "," "," "
1329,22:09,," "," "," "," "," "," "," "," "," "," "
1330,22:10,," "," "," "," "," "," "," "," "," "," "
1331,22:11,," "," "," "," "," "," "," "," "," "," "
1332,22:12,," "," "," "," "," "," "," "," "," "," "
1333,22:13,," "," "," "," "," "," "," "," "," "," "
1334,22:14,," "," "," "," "," "," "," "," "," "," "
1335,22:15,," "," "," "," "," "," "," "," "," "," "
1336,22:16,," "," "," "," "," "," "," "," "," "," "
1337,22:17,," "," "," "," "," "," "," "," "," "," "
1338,22:18,," "," "," "," "," "," "," "," "," "," "
1339,22:19,," "," "," "," "," "," "," "," "," "," "
1340,22:20,," "," "," "," "," "," "," "," "," "," "
1341,22:21,," "," "," "," "," "," "," "," "," "," "
1342,22:22,," "," "," "," "," "," "," "," "," "," "
1343,22:23,," "," "," "," "," "," "," "," "," "," "
1344,22:24,," "," "," "," "," "," "," "," "," "," "
1345,22:25,," "," "," "," "," "," "," "," "," "," "
1346,22:26,," "," "," "," "," "," "," "," "," "," "
1347,22:27,," "," "," "," "," "," "," "," "," "," "
1348,22:28,," "," "," "," "," "," "," "," "," "," "
1349,22:29,," "," "," "," "," "," "," "," "," "," "
1350,22:30,," "," "," "," "," "," "," "," "," "," "
1351,22:31,," "," "," "," "," "," "," "," "," "," "
1352,22:32,," "," "," "," "," "," "," "," "," "," "
1353,22:33,," "," "," "," "," "," "," "," "," "," "
1354,22:34,," "," "," "," "," "," "," "," "," "," "
1355,22:35,," "," "," "," "," "," "," "," "," "," "
1356,22:36,," "," "," "," "," "," "," "," "," "," "
1357,22:37,," "," "," "," "," "," "," "," "," "," "
1358,22:38,," "," "," "," "," "," "," "," "," "," "
1359,22:39,," "," "," "," "," "," "," "," "," "," "
1360,22:40,," "," "," "," "," "," "," "," "," "," "
1361,22:41,," "," "," "," "," "," "," "," "," "," "
1362,22:42,," "," "," "," "," "," "," "," "," "," "
1363,22:43,," "," "," "," "," "," "," "," "," "," "
1364,22:44,," "," "," "," "," "," "," "," "," "," "
1365,22:45,," "," "," "," "," "," "," "," "," "," "
1366,22:46,," "," "," "," "," "," "," "," "," "," "
1367,22:47,," "," "," "," "," "," "," "," "," "," "
1368,22:48,," "," "," "," "," "," "," "," "," "," "
1369,22:49,," "," "," "," "," "," "," "," "," "," "
1370,22:50,," "," "," "," "," "," "," "," "," "," "
1371,22:51,," "," "," "," "," "," "," "," "," "," "
1372,22:52,," "," "," "," "," "," "," "," "," "," "
1373,22:53,," "," "," "," "," "," "," "," "," "," "
1374,22:54,," "," "," "," "," "," "," "," "," "," "
1375,22:55,," "," "," "," "," "," "," "," "," "," "
1376,22:56,," "," "," "," "," "," "," "," "," "," "
1377,22:57,," "," "," "," "," "," "," "," "," "," "
1378,22:58,," "," "," "," "," "," "," "," "," "," "
1379,22:59,," "," "," "," "," "," "," "," "," "," "
1380,23:00,," "," "," "," "," "," "," "," "," "," "
1381,23:01,," "," "," "," "," "," "," "," "," "," "
1382,23:02,," "," "," "," "," "," "," "," "," "," "
1383,23:03,," "," "," "," "," "," "," "," "," "," "
1384,23:04,," "," "," "," "," "," "," "," "," "," "
1385,23:05,," "," "," "," "," "," "," "," "," "," "
1386,23:06,," "," "," "," "," "," "," "," "," "," "
1387,23:07,," "," "," "," "," "," "," "," "," "," "
1388,23:08,," "," "," "," "," "," "," "," "," "," "
1389,23:09,," "," "," "," "," "," "," "," "," "," "
1390,23:10,," "," "," "," "," "," "," "," "," "," "
1391,23:11,," "," "," "," "," "," "," "," "," "," "
1392,23:12,," "," "," "," "," "," "," "," "," "," "
1393,23:13,," "," "," "," "," "," "," "," "," "," "
1394,23:14,," "," "," "," "," "," "," "," "," "," "
1395,23:15,," "," "," "," "," "," "," "," "," "," "
1396,23:16,," "," "," "," "," "," "," "," "," "," "
1397,23:17,," "," "," "," "," "," "," "," "," "," "
1398,23:18,," "," "," "," "," "," "," "," "," "," "
1399,23:19,," "," "," "," "," "," "," "," "," "," "
1400,23:20,," "," "," "," "," "," "," "," "," "," "
1401,23:21,," "," "," "," "," "," "," "," "," "," "
1402,23:22,," "," "," "," "," "," "," "," "," "," "
1403,23:23,," "," "," "," "," "," "," "," "," "," "
1404,23:24,," "," "," "," "," "," "," "," "," "," "
1405,23:25,," "," "," "," "," "," "," "," "," "," "
1406,23:26,," "," "," "," "," "," "," "," "," "," "
1407,23:27,," "," "," "," "," "," "," "," "," "," "
1408,23:28,," "," "," "," "," "," "," "," "," "," "
1409,23:29,," "," "," "," "," "," "," "," "," "," "
1410,23:30,," "," "," "," "," "," "," "," "," "," "
1411,23:31,," "," "," "," "," "," "," "," "," "," "
1412,23:32,," "," "," "," "," "," "," "," "," "," "
1413,23:33,," "," "," "," "," "," "," "," "," "," "
1414,23:34,," "," "," "," "," "," "," "," "," "," "
1415,23:35,," "," "," "," "," "," "," "," "," "," "
1416,23:36,," "," "," "," "," "," "," "," "," "," "
1417,23:37,," "," "," "," "," "," "," "," "," "," "
1418,23:38,," "," "," "," "," "," "," "," "," "," "
1419,23:39,," "," "," "," "," "," "," "," "," "," "
1420,23:40,," "," "," "," "," "," "," "," "," "," "
1421,23:41,," "," "," "," "," "," "," "," "," "," "
1422,23:42,," "," "," "," "," "," "," "," "," "," "
1423,23:43,," "," "," "," "," "," "," "," "," "," "
1424,23:44,," "," "," "," "," "," "," "," "," "," "
1425,23:45,," "," "," "," "," "," "," "," "," "," "
1426,23:46,," "," "," "," "," "," "," "," "," "," "
1427,23:47,," "," "," "," "," "," "," "," "," "," "
1428,23:48,," "," "," "," "," "," "," "," "," "," "
1429,23:49,," "," "," "," "," "," "," "," "," "," "
1430,23:50,," "," "," "," "," "," "," "," "," "," "
1431,23:51,," "," "," "," "," "," "," "," "," "," "
1432,23:52,," "," "," "," "," "," "," "," "," "," "
1433,23:53,," "," "," "," "," "," "," "," "," "," "
1434,23:54,," "," "," "," "," "," "," "," "," "," "
1435,23:55,," "," "," "," "," "," "," "," "," "," "
1436,23:56,," "," "," "," "," "," "," "," "," "," "
1437,23:57,," "," "," "," "," "," "," "," "," "," "
1438,23:58,," "," "," "," "," "," "," "," "," "," "
1439,23:59,," "," "," "," "," "," "," "," "," "," "
